
Result of 10 times of ./collectors/uptime.sh

mysql> SELECT * FROM uptime;
+--------+---------------------+----------------+-------------+--------+---------+--------------+----------------+
| row_id | creation            | remote_addr    | remote_user | system | service | data_up_secs | data_idle_secs |
+--------+---------------------+----------------+-------------+--------+---------+--------------+----------------+
|  10001 | 2010-03-26 22:44:09 | 62.142.186.150 | zeta1       | zeta1  | uptime  | 4415323.43   | 8642819.07     |
|  10002 | 2010-03-26 22:48:33 | 62.142.186.150 | zeta1       | zeta1  | uptime  | 4415588.52   | 8643338.78     |
|  10003 | 2010-03-26 22:48:34 | 62.142.186.150 | zeta1       | zeta1  | uptime  | 4415589.49   | 8643340.54     |
|  10004 | 2010-03-26 22:48:35 | 62.142.186.150 | zeta1       | zeta1  | uptime  | 4415590.39   | 8643342.15     |
|  10005 | 2010-03-26 22:48:36 | 62.142.186.150 | zeta1       | zeta1  | uptime  | 4415591.18   | 8643343.56     |
|  10006 | 2010-03-26 22:48:37 | 62.142.186.150 | zeta1       | zeta1  | uptime  | 4415591.90   | 8643344.80     |
|  10007 | 2010-03-26 22:48:37 | 62.142.186.150 | zeta1       | zeta1  | uptime  | 4415592.63   | 8643346.08     |
|  10008 | 2010-03-26 22:48:38 | 62.142.186.150 | zeta1       | zeta1  | uptime  | 4415593.52   | 8643347.63     |
|  10009 | 2010-03-26 22:48:39 | 62.142.186.150 | zeta1       | zeta1  | uptime  | 4415594.31   | 8643349.04     |
|  10010 | 2010-03-26 22:48:40 | 62.142.186.150 | zeta1       | zeta1  | uptime  | 4415595.05   | 8643350.38     |
+--------+---------------------+----------------+-------------+--------+---------+--------------+----------------+
10 rows in set (0.00 sec)


Result of 7 times of ./collectors/loadavg.sh

mysql> SELECT * FROM loadavg;
+--------+---------------------+----------------+-------------+--------+---------+---------------+----------------+---------------+----------------+----------------------+---------------+
| row_id | creation            | remote_addr    | remote_user | system | service | data_load_one | data_load_five | data_load_ten | data_processes | data_total_processes | data_last_pid |
+--------+---------------------+----------------+-------------+--------+---------+---------------+----------------+---------------+----------------+----------------------+---------------+
|  10001 | 2010-03-26 23:05:57 | 62.142.186.150 | zeta1       | zeta1  | loadavg | 0.16          | 0.08           | 0.03          | 2              | 509                  | 4433          |
|  10002 | 2010-03-26 23:05:58 | 62.142.186.150 | zeta1       | zeta1  | loadavg | 0.16          | 0.08           | 0.03          | 2              | 509                  | 4441          |
|  10003 | 2010-03-26 23:05:59 | 62.142.186.150 | zeta1       | zeta1  | loadavg | 0.15          | 0.08           | 0.03          | 3              | 510                  | 4450          |
|  10004 | 2010-03-26 23:06:06 | 62.142.186.150 | zeta1       | zeta1  | loadavg | 0.13          | 0.08           | 0.03          | 4              | 512                  | 4470          |
|  10005 | 2010-03-26 23:06:06 | 62.142.186.150 | zeta1       | zeta1  | loadavg | 0.13          | 0.08           | 0.03          | 3              | 510                  | 4476          |
|  10006 | 2010-03-26 23:06:07 | 62.142.186.150 | zeta1       | zeta1  | loadavg | 0.13          | 0.08           | 0.03          | 2              | 510                  | 4484          |
|  10007 | 2010-03-26 23:06:08 | 62.142.186.150 | zeta1       | zeta1  | loadavg | 0.13          | 0.08           | 0.03          | 4              | 509                  | 4491          |
+--------+---------------------+----------------+-------------+--------+---------+---------------+----------------+---------------+----------------+----------------------+---------------+
7 rows in set (0.00 sec)


Latest loadavg samples grouped by system:

mysql> SELECT system, creation, data_load_one, data_load_five, data_load_ten, data_processes, data_total_processes FROM loadavg WHERE row_id=ANY (SELECT MAX(row_id) AS max_row_id FROM loadavg GROUP BY system) ORDER BY system;
+-----------+---------------------+---------------+----------------+---------------+----------------+----------------------+
| system    | creation            | data_load_one | data_load_five | data_load_ten | data_processes | data_total_processes |
+-----------+---------------------+---------------+----------------+---------------+----------------+----------------------+
| atlas     | 2010-03-27 14:17:27 | 0.36          | 0.61           | 0.72          | 6              | 486                  |
| fs2       | 2010-03-27 14:15:40 | 0.00          | 0.00           | 0.00          | 4              | 337                  |
| hiomo-gw1 | 2010-03-27 14:15:01 | 0.01          | 0.02           | 0.00          | 3              | 174                  |
| secure    | 2010-03-27 14:15:04 | 0.00          | 0.02           | 0.09          | 5              | 261                  |
| titan     | 2010-03-27 14:15:03 | 0.36          | 0.14           | 0.10          | 7              | 340                  |
| vm2       | 2010-03-27 14:15:03 | 0.00          | 0.00           | 0.00          | 3              | 107                  |
| vm3       | 2010-03-27 14:15:06 | 0.37          | 0.29           | 0.28          | 3              | 255                  |
| vm4       | 2010-03-27 14:15:03 | 0.13          | 0.22           | 0.18          | 4              | 175                  |
| vm6       | 2010-03-27 14:15:02 | 1.13          | 1.24           | 1.25          | 5              | 280                  |
| zeta1     | 2010-03-27 14:15:01 | 0.00          | 0.02           | 0.00          | 3              | 518                  |
+-----------+---------------------+---------------+----------------+---------------+----------------+----------------------+
10 rows in set (3.88 sec)
